Run,Memory,Time,Path Length,Path
DFS_1,20750,0.002279520034790039,5,,east,south,south,east
BFS_1,7428,0.002009153366088867,5,,east,south,south,east
A*_1,7455,0.0021500587463378906,5,,east,south,south,east
Greedy_1,4847,0.0012836456298828125,5,,east,south,south,east
DFS_2,10554,0.004169940948486328,0
BFS_2,10845,0.0077893733978271484,0
A*_2,12251,0.008609294891357422,0
Greedy_2,12030,0.0021975040435791016,0
DFS_3,20680398,0.33086180686950684,51,,north,north,north,north,north,north,north,north,north,north,north,north,north,north,north,north,north,north,north,north,north,north,north,north,north,north,north,north,north,north,north,north,north,north,north,north,north,north,north,north,north,north,north,north,north,north,north,north,north,north
BFS_3,32890105,0.23788142204284668,51,,north,north,north,north,north,north,north,north,north,north,north,north,north,north,north,north,north,north,north,north,north,north,north,north,north,north,north,north,north,north,north,north,north,north,north,north,north,north,north,north,north,north,north,north,north,north,north,north,north,north
A*_3,9080573,0.06453633308410645,51,,north,north,north,north,north,north,north,north,north,north,north,north,north,north,north,north,north,north,north,north,north,north,north,north,north,north,north,north,north,north,north,north,north,north,north,north,north,north,north,north,north,north,north,north,north,north,north,north,north,north
Greedy_3,9079736,0.07988333702087402,51,,north,north,north,north,north,north,north,north,north,north,north,north,north,north,north,north,north,north,north,north,north,north,north,north,north,north,north,north,north,north,north,north,north,north,north,north,north,north,north,north,north,north,north,north,north,north,north,north,north,north
DFS_4,8834738,0.06420779228210449,51,,west,west,west,west,west,west,west,west,west,west,west,west,west,west,west,west,west,west,west,west,west,west,west,west,west,west,west,west,west,west,west,west,west,west,west,west,west,west,west,west,west,west,west,west,west,west,west,west,west,west
BFS_4,32980642,0.23924660682678223,51,,west,west,west,west,west,west,west,west,west,west,west,west,west,west,west,west,west,west,west,west,west,west,west,west,west,west,west,west,west,west,west,west,west,west,west,west,west,west,west,west,west,west,west,west,west,west,west,west,west,west
A*_4,9008744,0.06331992149353027,51,,west,west,west,west,west,west,west,west,west,west,west,west,west,west,west,west,west,west,west,west,west,west,west,west,west,west,west,west,west,west,west,west,west,west,west,west,west,west,west,west,west,west,west,west,west,west,west,west,west,west
Greedy_4,9008744,0.08466672897338867,51,,west,west,west,west,west,west,west,west,west,west,west,west,west,west,west,west,west,west,west,west,west,west,west,west,west,west,west,west,west,west,west,west,west,west,west,west,west,west,west,west,west,west,west,west,west,west,west,west,west,west
DFS_5,16853494,0.18246126174926758,26,,north,north,north,north,north,north,north,north,north,north,north,north,north,north,north,north,north,north,north,north,north,north,north,north,north
BFS_5,16528826,0.07585501670837402,26,,north,north,north,north,north,north,north,north,north,north,north,north,north,north,north,north,north,north,north,north,north,north,north,north,north
A*_5,4990315,0.025188207626342773,26,,north,north,north,north,north,north,north,north,north,north,north,north,north,north,north,north,north,north,north,north,north,north,north,north,north
Greedy_5,4990315,0.029067039489746094,26,,north,north,north,north,north,north,north,north,north,north,north,north,north,north,north,north,north,north,north,north,north,north,north,north,north
DFS_6,4746413,0.028519868850708008,26,,west,west,west,west,west,west,west,west,west,west,west,west,west,west,west,west,west,west,west,west,west,west,west,west,west
BFS_6,17030124,0.15364813804626465,26,,west,west,west,west,west,west,west,west,west,west,west,west,west,west,west,west,west,west,west,west,west,west,west,west,west
A*_6,4919323,0.06003856658935547,26,,west,west,west,west,west,west,west,west,west,west,west,west,west,west,west,west,west,west,west,west,west,west,west,west,west
Greedy_6,4919323,0.0645904541015625,26,,west,west,west,west,west,west,west,west,west,west,west,west,west,west,west,west,west,west,west,west,west,west,west,west,west
DFS_7,49414307,0.3386685848236084,301,,south,south,south,south,south,south,south,south,south,south,south,south,south,south,south,south,south,south,south,south,south,south,south,south,south,south,south,south,south,south,south,south,south,south,south,south,south,south,south,south,south,south,south,south,south,south,south,south,south,south,east,east,east,east,east,east,east,east,east,east,east,east,east,east,east,east,east,east,east,east,east,east,east,east,east,east,east,east,east,east,east,east,east,east,east,east,east,east,east,east,east,east,east,east,east,east,east,east,east,east,east,east,east,east,east,east,east,east,east,east,east,east,east,east,east,east,east,east,east,east,east,east,east,east,east,east,east,east,east,east,east,east,east,east,east,east,east,east,east,east,east,east,east,east,east,east,east,east,east,east,north,north,north,north,north,north,north,north,north,north,north,north,north,north,north,north,north,north,north,north,north,north,north,north,north,north,north,north,north,north,north,north,north,north,north,north,north,north,north,north,north,north,north,north,north,north,north,north,north,north,north,north,north,north,north,north,north,north,north,north,north,north,north,north,north,north,north,north,north,north,north,north,north,north,north,north,north,north,north,north,north,north,north,north,north,north,north,north,north,north,north,north,north,north,north,north,north,north,north,north,west,west,west,west,west,west,west,west,west,west,west,west,west,west,west,west,west,west,west,west,west,west,west,west,west,west,west,west,west,west,west,west,west,west,west,west,west,west,west,west,west,west,west,west,west,west,west,west,west,west
BFS_7,32969922,0.39751672744750977,101,,north,north,north,north,north,north,north,north,north,north,north,north,north,north,north,north,north,north,north,north,north,north,north,north,north,north,north,north,north,north,north,north,north,north,north,north,north,north,north,north,north,north,north,north,north,north,north,north,north,north,east,east,east,east,east,east,east,east,east,east,east,east,east,east,east,east,east,east,east,east,east,east,east,east,east,east,east,east,east,east,east,east,east,east,east,east,east,east,east,east,east,east,east,east,east,east,east,east,east,east
A*_7,16933712,0.14276528358459473,101,,north,north,north,north,north,north,north,north,north,north,north,north,north,north,north,north,north,north,north,north,north,north,north,north,north,north,north,north,north,north,north,north,north,north,north,north,north,north,north,north,north,north,north,north,north,north,north,north,north,north,east,east,east,east,east,east,east,east,east,east,east,east,east,east,east,east,east,east,east,east,east,east,east,east,east,east,east,east,east,east,east,east,east,east,east,east,east,east,east,east,east,east,east,east,east,east,east,east,east,east
Greedy_7,16933749,0.21935439109802246,101,,north,north,north,north,north,north,north,north,north,north,north,north,north,north,north,north,north,north,north,north,north,north,north,north,north,north,north,north,north,north,north,north,north,north,north,north,north,north,north,north,north,north,north,north,north,north,north,north,north,north,east,east,east,east,east,east,east,east,east,east,east,east,east,east,east,east,east,east,east,east,east,east,east,east,east,east,east,east,east,east,east,east,east,east,east,east,east,east,east,east,east,east,east,east,east,east,east,east,east,east
DFS_8,16773755,0.14714932441711426,101,,south,south,south,south,south,south,south,south,south,south,south,south,south,south,south,south,south,south,south,south,south,south,south,south,south,south,south,south,south,south,south,south,south,south,south,south,south,south,south,south,south,south,south,south,south,south,south,south,south,south,east,east,east,east,east,east,east,east,east,east,east,east,east,east,east,east,east,east,east,east,east,east,east,east,east,east,east,east,east,east,east,east,east,east,east,east,east,east,east,east,east,east,east,east,east,east,east,east,east,east
BFS_8,33133519,0.23209595680236816,101,,south,south,south,south,south,south,south,south,south,south,south,south,south,south,south,south,south,south,south,south,south,south,south,south,south,south,south,south,south,south,south,south,south,south,south,south,south,south,south,south,south,south,south,south,south,south,south,south,south,south,east,east,east,east,east,east,east,east,east,east,east,east,east,east,east,east,east,east,east,east,east,east,east,east,east,east,east,east,east,east,east,east,east,east,east,east,east,east,east,east,east,east,east,east,east,east,east,east,east,east
A*_8,16933712,0.1125192642211914,101,,south,south,south,south,south,south,south,south,south,south,south,south,south,south,south,south,south,south,south,south,south,south,south,south,south,south,south,south,south,south,south,south,south,south,south,south,south,south,south,south,south,south,south,south,south,south,south,south,south,south,east,east,east,east,east,east,east,east,east,east,east,east,east,east,east,east,east,east,east,east,east,east,east,east,east,east,east,east,east,east,east,east,east,east,east,east,east,east,east,east,east,east,east,east,east,east,east,east,east,east
Greedy_8,16933712,0.12192153930664062,101,,south,south,south,south,south,south,south,south,south,south,south,south,south,south,south,south,south,south,south,south,south,south,south,south,south,south,south,south,south,south,south,south,south,south,south,south,south,south,south,south,south,south,south,south,south,south,south,south,south,south,east,east,east,east,east,east,east,east,east,east,east,east,east,east,east,east,east,east,east,east,east,east,east,east,east,east,east,east,east,east,east,east,east,east,east,east,east,east,east,east,east,east,east,east,east,east,east,east,east,east
DFS_9,57621496,0.4764366149902344,351,,south,south,south,south,south,south,south,south,south,south,south,south,south,south,south,south,south,south,south,south,south,south,south,south,south,south,south,south,south,south,south,south,south,south,south,south,south,south,south,south,south,south,south,south,south,south,south,south,south,south,east,east,east,east,east,east,east,east,east,east,east,east,east,east,east,east,east,east,east,east,east,east,east,east,east,east,east,east,east,east,east,east,east,east,east,east,east,east,east,east,east,east,east,east,east,east,east,east,east,east,east,east,east,east,east,east,east,east,east,east,east,east,east,east,east,east,east,east,east,east,east,east,east,east,east,east,east,east,east,east,east,east,east,east,east,east,east,east,east,east,east,east,east,east,east,east,east,east,east,east,north,north,north,north,north,north,north,north,north,north,north,north,north,north,north,north,north,north,north,north,north,north,north,north,north,north,north,north,north,north,north,north,north,north,north,north,north,north,north,north,north,north,north,north,north,north,north,north,north,north,north,north,north,north,north,north,north,north,north,north,north,north,north,north,north,north,north,north,north,north,north,north,north,north,north,north,north,north,north,north,north,north,north,north,north,north,north,north,north,north,north,north,north,north,north,north,north,north,north,north,west,west,west,west,west,west,west,west,west,west,west,west,west,west,west,west,west,west,west,west,west,west,west,west,west,west,west,west,west,west,west,west,west,west,west,west,west,west,west,west,west,west,west,west,west,west,west,west,west,west,west,west,west,west,west,west,west,west,west,west,west,west,west,west,west,west,west,west,west,west,west,west,west,west,west,west,west,west,west,west,west,west,west,west,west,west,west,west,west,west,west,west,west,west,west,west,west,west,west,west
BFS_9,16539333,0.15929126739501953,51,,north,north,north,north,north,north,north,north,north,north,north,north,north,north,north,north,north,north,north,north,north,north,north,north,north,north,north,north,north,north,north,north,north,north,north,north,north,north,north,north,north,north,north,north,north,north,north,north,north,north
A*_9,8752590,0.07562589645385742,51,,north,north,north,north,north,north,north,north,north,north,north,north,north,north,north,north,north,north,north,north,north,north,north,north,north,north,north,north,north,north,north,north,north,north,north,north,north,north,north,north,north,north,north,north,north,north,north,north,north,north
Greedy_9,8752590,0.054659366607666016,51,,north,north,north,north,north,north,north,north,north,north,north,north,north,north,north,north,north,north,north,north,north,north,north,north,north,north,north,north,north,north,north,north,north,north,north,north,north,north,north,north,north,north,north,north,north,north,north,north,north,north
DFS_10,8507672,0.04322957992553711,51,,south,south,south,south,south,south,south,south,south,south,south,south,south,south,south,south,south,south,south,south,south,south,south,south,south,south,south,south,south,south,south,south,south,south,south,south,south,south,south,south,south,south,south,south,south,south,south,south,south,south
BFS_10,16773723,0.11198711395263672,51,,south,south,south,south,south,south,south,south,south,south,south,south,south,south,south,south,south,south,south,south,south,south,south,south,south,south,south,south,south,south,south,south,south,south,south,south,south,south,south,south,south,south,south,south,south,south,south,south,south,south
A*_10,8681598,0.11542224884033203,51,,south,south,south,south,south,south,south,south,south,south,south,south,south,south,south,south,south,south,south,south,south,south,south,south,south,south,south,south,south,south,south,south,south,south,south,south,south,south,south,south,south,south,south,south,south,south,south,south,south,south
Greedy_10,8681598,0.1050422191619873,51,,south,south,south,south,south,south,south,south,south,south,south,south,south,south,south,south,south,south,south,south,south,south,south,south,south,south,south,south,south,south,south,south,south,south,south,south,south,south,south,south,south,south,south,south,south,south,south,south,south,south
DFS_11,12953,0.01077580451965332,11,,west,west,north,north,north,north,east,east,east,east
BFS_11,13543,0.003532886505126953,11,,west,west,north,north,north,north,east,east,east,east
A*_11,17224,0.010215282440185547,11,,west,west,north,north,north,north,east,east,east,east
Greedy_11,15753,0.009680747985839844,15,,east,east,north,north,west,west,west,west,north,north,east,east,east,east
