Run,Memory,Time,Path Length,Path
DFS_1,20750,0.0013172626495361328,5,,east,south,south,east
BFS_1,7428,0.0010099411010742188,5,,east,south,south,east
DFS_2,10746,0.0043735504150390625,0
BFS_2,10845,0.0,0
DFS_3,20680881,0.3800637722015381,51,,north,north,north,north,north,north,north,north,north,north,north,north,north,north,north,north,north,north,north,north,north,north,north,north,north,north,north,north,north,north,north,north,north,north,north,north,north,north,north,north,north,north,north,north,north,north,north,north,north,north
BFS_3,32890105,0.3484323024749756,51,,north,north,north,north,north,north,north,north,north,north,north,north,north,north,north,north,north,north,north,north,north,north,north,north,north,north,north,north,north,north,north,north,north,north,north,north,north,north,north,north,north,north,north,north,north,north,north,north,north,north
DFS_4,8834738,0.07336211204528809,51,,west,west,west,west,west,west,west,west,west,west,west,west,west,west,west,west,west,west,west,west,west,west,west,west,west,west,west,west,west,west,west,west,west,west,west,west,west,west,west,west,west,west,west,west,west,west,west,west,west,west
BFS_4,32981469,0.29978108406066895,51,,west,west,west,west,west,west,west,west,west,west,west,west,west,west,west,west,west,west,west,west,west,west,west,west,west,west,west,west,west,west,west,west,west,west,west,west,west,west,west,west,west,west,west,west,west,west,west,west,west,west
DFS_5,16851993,0.345231294631958,26,,north,north,north,north,north,north,north,north,north,north,north,north,north,north,north,north,north,north,north,north,north,north,north,north,north
BFS_5,16528826,0.16321372985839844,26,,north,north,north,north,north,north,north,north,north,north,north,north,north,north,north,north,north,north,north,north,north,north,north,north,north
DFS_6,4746413,0.03916192054748535,26,,west,west,west,west,west,west,west,west,west,west,west,west,west,west,west,west,west,west,west,west,west,west,west,west,west
BFS_6,17031625,0.16053009033203125,26,,west,west,west,west,west,west,west,west,west,west,west,west,west,west,west,west,west,west,west,west,west,west,west,west,west
DFS_7,49414307,0.5689585208892822,301,,south,south,south,south,south,south,south,south,south,south,south,south,south,south,south,south,south,south,south,south,south,south,south,south,south,south,south,south,south,south,south,south,south,south,south,south,south,south,south,south,south,south,south,south,south,south,south,south,south,south,east,east,east,east,east,east,east,east,east,east,east,east,east,east,east,east,east,east,east,east,east,east,east,east,east,east,east,east,east,east,east,east,east,east,east,east,east,east,east,east,east,east,east,east,east,east,east,east,east,east,east,east,east,east,east,east,east,east,east,east,east,east,east,east,east,east,east,east,east,east,east,east,east,east,east,east,east,east,east,east,east,east,east,east,east,east,east,east,east,east,east,east,east,east,east,east,east,east,east,east,north,north,north,north,north,north,north,north,north,north,north,north,north,north,north,north,north,north,north,north,north,north,north,north,north,north,north,north,north,north,north,north,north,north,north,north,north,north,north,north,north,north,north,north,north,north,north,north,north,north,north,north,north,north,north,north,north,north,north,north,north,north,north,north,north,north,north,north,north,north,north,north,north,north,north,north,north,north,north,north,north,north,north,north,north,north,north,north,north,north,north,north,north,north,north,north,north,north,north,north,west,west,west,west,west,west,west,west,west,west,west,west,west,west,west,west,west,west,west,west,west,west,west,west,west,west,west,west,west,west,west,west,west,west,west,west,west,west,west,west,west,west,west,west,west,west,west,west,west,west
BFS_7,32969922,0.26596856117248535,101,,north,north,north,north,north,north,north,north,north,north,north,north,north,north,north,north,north,north,north,north,north,north,north,north,north,north,north,north,north,north,north,north,north,north,north,north,north,north,north,north,north,north,north,north,north,north,north,north,north,north,east,east,east,east,east,east,east,east,east,east,east,east,east,east,east,east,east,east,east,east,east,east,east,east,east,east,east,east,east,east,east,east,east,east,east,east,east,east,east,east,east,east,east,east,east,east,east,east,east,east
DFS_8,16773755,0.1686561107635498,101,,south,south,south,south,south,south,south,south,south,south,south,south,south,south,south,south,south,south,south,south,south,south,south,south,south,south,south,south,south,south,south,south,south,south,south,south,south,south,south,south,south,south,south,south,south,south,south,south,south,south,east,east,east,east,east,east,east,east,east,east,east,east,east,east,east,east,east,east,east,east,east,east,east,east,east,east,east,east,east,east,east,east,east,east,east,east,east,east,east,east,east,east,east,east,east,east,east,east,east,east
BFS_8,33133519,0.3320796489715576,101,,south,south,south,south,south,south,south,south,south,south,south,south,south,south,south,south,south,south,south,south,south,south,south,south,south,south,south,south,south,south,south,south,south,south,south,south,south,south,south,south,south,south,south,south,south,south,south,south,south,south,east,east,east,east,east,east,east,east,east,east,east,east,east,east,east,east,east,east,east,east,east,east,east,east,east,east,east,east,east,east,east,east,east,east,east,east,east,east,east,east,east,east,east,east,east,east,east,east,east,east
DFS_9,57621496,0.7318999767303467,351,,south,south,south,south,south,south,south,south,south,south,south,south,south,south,south,south,south,south,south,south,south,south,south,south,south,south,south,south,south,south,south,south,south,south,south,south,south,south,south,south,south,south,south,south,south,south,south,south,south,south,east,east,east,east,east,east,east,east,east,east,east,east,east,east,east,east,east,east,east,east,east,east,east,east,east,east,east,east,east,east,east,east,east,east,east,east,east,east,east,east,east,east,east,east,east,east,east,east,east,east,east,east,east,east,east,east,east,east,east,east,east,east,east,east,east,east,east,east,east,east,east,east,east,east,east,east,east,east,east,east,east,east,east,east,east,east,east,east,east,east,east,east,east,east,east,east,east,east,east,east,north,north,north,north,north,north,north,north,north,north,north,north,north,north,north,north,north,north,north,north,north,north,north,north,north,north,north,north,north,north,north,north,north,north,north,north,north,north,north,north,north,north,north,north,north,north,north,north,north,north,north,north,north,north,north,north,north,north,north,north,north,north,north,north,north,north,north,north,north,north,north,north,north,north,north,north,north,north,north,north,north,north,north,north,north,north,north,north,north,north,north,north,north,north,north,north,north,north,north,north,west,west,west,west,west,west,west,west,west,west,west,west,west,west,west,west,west,west,west,west,west,west,west,west,west,west,west,west,west,west,west,west,west,west,west,west,west,west,west,west,west,west,west,west,west,west,west,west,west,west,west,west,west,west,west,west,west,west,west,west,west,west,west,west,west,west,west,west,west,west,west,west,west,west,west,west,west,west,west,west,west,west,west,west,west,west,west,west,west,west,west,west,west,west,west,west,west,west,west,west
BFS_9,16539333,0.19219207763671875,51,,north,north,north,north,north,north,north,north,north,north,north,north,north,north,north,north,north,north,north,north,north,north,north,north,north,north,north,north,north,north,north,north,north,north,north,north,north,north,north,north,north,north,north,north,north,north,north,north,north,north
DFS_10,8507672,0.10300827026367188,51,,south,south,south,south,south,south,south,south,south,south,south,south,south,south,south,south,south,south,south,south,south,south,south,south,south,south,south,south,south,south,south,south,south,south,south,south,south,south,south,south,south,south,south,south,south,south,south,south,south,south
BFS_10,16773723,0.15794777870178223,51,,south,south,south,south,south,south,south,south,south,south,south,south,south,south,south,south,south,south,south,south,south,south,south,south,south,south,south,south,south,south,south,south,south,south,south,south,south,south,south,south,south,south,south,south,south,south,south,south,south,south
DFS_11,12953,0.00728917121887207,11,,west,west,north,north,north,north,east,east,east,east
BFS_11,13543,0.006196737289428711,11,,west,west,north,north,north,north,east,east,east,east
